<formulatrixLicense>
  <license type="Instrument" modified="3/22/2021 7:33:04 PM">
    <client id="7aa1-e9d8-8fad-2ee9" name="AbbVie Bioresearch Center # 1970" contact=""/>
    <product name="Mantis" edition="" expiry="3/30/2022 12:00:00 AM"/>
    <details>
      <instruments>
        <instrument name="M-001213"/>
      </instruments>
    </details>
    <features>
      <feature name="DiaphragmAndCfChip">
        <seats/>
      </feature>
      <feature name="MantisRfid">
        <seats/>
      </feature>
    </features>
  </license>
  <hash ci="9D44A3156A507D4DC2C267AE208E756F">00831E7D2AD790FE7A9FC44213F4570B</hash>