<formulatrixLicense>
  <license type="Instrument" modified="3/22/2021 7:33:04 PM">
    <client id="7aa1-e9d8-8fad-2ee9" name="AbbVie Bioresearch Center # 1970" contact=""/>
    <product name="Mantis" edition="" expiry="1/2/2021 12:00:00 AM"/>
    <details>
      <instruments>
        <instrument name="M-001213"/>
      </instruments>
    </details>
    <features>
      <feature name="DiaphragmAndCfChip">
        <seats/>
      </feature>
      <feature name="MantisRfid">
        <seats/>
      </feature>
    </features>
  </license>
  <hash ci="74289280FA3A7553D9DEA256FAD9EF4B">ABEC672E760CA80CBADC62DC78F317C1</hash>
</formulatrixLicense>