<formulatrixLicense>
  <license type="Sample" modified="3/22/2021 7:33:04 PM">
    <client id="7aa1-e9d8-8fad-2ee9" name="AbbVie Bioresearch Center # 1970" contact=""/>
    <product name="Mantis" edition="" expiry="3/30/2022 12:00:00 AM"/>
    <details>
      <instruments>
        <instrument name="M-001213"/>
      </instruments>
    </details>
    <features>
      <feature name="DiaphragmAndCfChip">
        <seats/>
      </feature>
      <feature name="MantisRfid">
        <seats/>
      </feature>
    </features>
  </license>
  <hash ci="FE38D19B639CD75C9EFEA8AF08BD9D14">02D5813051603AF2ECA036E5A3964E84</hash>
</formulatrixLicense>