﻿{
  "Source": "https://online-shop.eppendorf.com.my/MY-en/eshopdownload/downloadbykey/105613_Operating-Manual_186 page 7, https://online-shop.eppendorf.com.my/MY-en/eshopdownload/downloadbykey/127675_Technical-Data_186",
  "ProductName": "Microplate 96/U, wells clear, RecoverMax® well design, PCR clean, white, 80 plates (5 bags × 16 plates)Catalog No. 0030601203",

  "ID": 1,
  "Description": "Eppendorf Microplate 96/U",
  "RowCount": 8,
  "ColCount": 12,
  "RowPitch": 9,
  "ColumnPitch": 9,
  "FirstWellOffset": {
    "X": 11.2,
    "Y": 14.4,
    "Z": 14.35
  },
  "Height": 14.35,
  "Type": "Microplate",
  "WellSurfaceData": {
    "Shape": "Circle",
    "Diameter": 7
  },
  "WellBottomData": {
    "Shape": "U",
    "H1": 7.9,
    "H2": 3.25
  },
  "WellCapacity": 360,
  "WorkingCapacity": 320,
  "DeadVolume": 20
}