﻿{
  "Source": "https://online-shop.eppendorf.com/OC-en/Laboratory-Consumables-44512/Plates-44516/Eppendorf-twin.tec-PCR-Plates-PF-8180.html",
  "ProductName": "Eppendorf twin.tec® PCR Plate 384, skirted, 40 µL, PCR clean",
  "Notes": "working capacity and dead volume data is not available",

  "ID": 3,
  "Description": "Eppendorf-TT-skirted-384",
  "RowCount": 16,
  "ColCount": 24,
  "RowPitch": 4.5,
  "ColumnPitch": 4.5,
  "FirstWellOffset": {
    "X": 8.99,
    "Y": 12.13,
    "Z": 10.6
  },
  "Height": 10.6,
  "Type": "Microplate",
  "WellSurfaceData": {
    "Shape": "Circle",
    "Diameter": 3.1
  },
  "WellBottomData": {
    "Shape": "V",
    "H1": 9.9
  },
  "WellCapacity": 40,
  "WorkingCapacity": 40,
  "DeadVolume": 1
}