﻿{
  "Source": "https://online-shop.eppendorf.com.my/MY-en/eshopdownload/downloadbykey/127693_Technical-Data_186, https://online-shop.eppendorf.com.my/MY-en/eshopdownload/downloadbykey/105613_Operating-Manual_186 page 7",
  "ProductName": "Microplate 384/V, wells clear, RecoverMax® well design, PCR clean, white, 80 plates (5 bags × 16 plates)Catalog No. 0030621301",

  "ID": 8,
  "Description": "Eppendorf-uplate-384/V",
  "RowCount": 16,
  "ColCount": 24,
  "RowPitch": 4.5,
  "ColumnPitch": 4.5,
  "FirstWellOffset": {
    "X": 9,
    "Y": 12.1,
    "Z": 14.35
  },
  "Height": 14.35,
  "Type": "Microplate",
  "WellSurfaceData": {
    "Shape": "Rectangle",
    "Length": 3.6,
    "Width": 3.6
  },
  "WellBottomData": {
    "Shape": "V",
    "H1": 10.4,
    "H2": 1.15
  },
  "WellCapacity": 140,
  "WorkingCapacity": 120,
  "DeadVolume": 1
}