{
  "AutoCalibrationConfig": {
    "TravelDistance": 22,
    "CalibrationVelocity": 2,
    "CalibrationAcceleration": 10,
    "AlignConfigAutoCal": {
      "UVelocity": 100,
      "VVelocity": 100,
      "WVelocity": 20,
      "UAcceleration": 100,
      "VAcceleration": 1000,
      "WAcceleration": 100
    },
    "DelayAfterAlign": 500,
    "StartPointOffset": {
      "X": -13.5,
      "Y": 13.5,
      "Z": 0
    },
    "PositionCompensation": {
      "X": 0.95,
      "Y": -0.95,
      "Z": 0
    },
    "OffsetDistance": 5,
    "CalibrationAbortConfig": {
      "AbortID": 5,
      "ActiveLow": true
    },
	"CalibrationInputConfig": {
	  "InputID": 1,
	  "ActiveLow": true,
	  "EventEnabled": false,
	  "Condition": "Both"
	},
	"RotationalTolerance": {
	  "X": 0.5,
	  "Y": 0.5,
	  "Z": 0.5 
	},
	"RotationalOffset": {
	  "X": 0,
	  "Y": 0,
	  "Z": 0 
	}
  }
}
