﻿{
  "ChassisConfig": {
    "DriverConfig": {
      "Address": 1,
      "CanChannel": 0,
      "ChannelType": "ctVcan"
    },

    "UMotorConfig": {
      "MotorID": 3,
      "HomingMethod": "HomeFlagSwitch",
      "HomingPosEdge": true,
      "HomingPosDir": false,
      "HomingSlowVel": 3,
      "HomingFastVel": 50,
      "HomingAccel": 500,
      "WaitHomeTimeout": 8000,
      "WaitMotionAdditionalTimeout": 2000,
      "WaitMotionAbortAdditionalTimeout": 2000,
      "EngineeringToMotorUnit": 5,
      "TravelLimit": {
        "Min": -2,
        "Max": 221
      }
    },

    "VMotorConfig": {
      "MotorID": 0,
      "HomingMethod": "HomeFlagSwitch",
      "HomingPosEdge": true,
      "HomingPosDir": false,
      "HomingSlowVel": 3,
      "HomingFastVel": 20,
      "HomingAccel": 300,
      "WaitHomeTimeout": 19000,
      "WaitMotionAdditionalTimeout": 2000,
      "WaitMotionAbortAdditionalTimeout": 2000,
      "EngineeringToMotorUnit": 5,
      "TravelLimit": {
        "Min": -2,
        "Max": 328
      }
    },

    "WMotorConfig": {
      "MotorID": 2,
      "HomingMethod": "HomeFlagSwitch",
      "HomingPosEdge": true,
      "HomingPosDir": false,
      "HomingSlowVel": 0.768,
      "HomingFastVel": 7.68,
      "HomingAccel": 915.2,
      "WaitHomeTimeout": 13000,
      "WaitMotionAdditionalTimeout": 2000,
      "WaitMotionAbortAdditionalTimeout": 2000,
      "EngineeringToMotorUnit": 41.01049869,
      "TravelLimit": {
        "Min": -1.21,
        "Max": 76
      }
    },

    "TrayPresenceInputMonitorConfig": {
      "InputID": 3,
      "ActiveLow": true,
      "EventEnabled": true,
      "Condition": "Both"
    },

    "DashcamConfig": {
      "InputID": 3,
      "ActiveLow": false,
      "TriggerDuration": 100
    }
  }
}