﻿{
  "CollisionDetectionConfig": {
    "DriverConfig": {
      "Address": 22,
      "CanChannel": 0,
      "ChannelType": "ctVcan"
    },
    "AnalogAbortConfigs": [
      {
        "AbortID": 11,
        "ActiveLow": false,
        "Thresholds": [
          2000000,
          4000000
        ]
      },
      {
        "AbortID": 12,
        "ActiveLow": false,
        "Thresholds": [
          1000000,
          2000000
        ]
      },
      {
        "AbortID": 13,
        "ActiveLow": true,
        "Thresholds": [
          -1000000,
          -2000000
        ]
      },
      {
        "AbortID": 14,
        "ActiveLow": true,
        "Thresholds": [
          -2000000,
          -4000000
        ]
      }
    ],
    "SensorIDs": [ 0, 1, 2, 3 ],
    "LoadCellAbortID": 0,
    "TareAvgWindow": 100,
    "CollisionAbortConfig": {
      "AbortID": 4,
      "ActiveLow": true
    },
    "SafetyFactor": [ 6, 12 ]
  }
}