﻿{
  "DispenseReportConfig": {
    "DateTimeFormat": "yyy/MM/dd HH:mm:ss",
    "EmptyResponse": "-",
    "DelayDescriptionSetting": [
      {
        "PropertyName": "DelayTime",
        "DescriptionSetting": {
          "Prefix": "Task execution delayed for ",
          "Suffix": " second"
        }
      }
    ],
    "UserConfirmationDescription": "Task paused waiting for user confirmation.",
    "ManualUserPauseDescription": "User manually pause protocol execution",
    "EjecttipDescription": {
      "Prefix": "Eject ",
      "Suffix": " tips(s) into Waste Bin."
    },
    "PicktipDescription": {
      "Prefix": "Pick ",
      "Suffix": " tips(s) from Tip Caddy."
    },
    "WellName": {
      "RowName": "Row ",
      "OddColRowSuffix": " - Left",
      "EvenColRowSuffix": " - Right",
      "ColName": "Column ",
      "OddRowColSuffix": " - Upper",
      "EvenRowColSuffix": " - Lower",
      "FullHeadName": "All Wells",
      "FullHeadQuadrantName": "Quadrant - "
    },
    "AspirateDescriptionSetting": [
      {
        "PropertyName": "TipPosition",
        "DescriptionSetting": {
          "Prefix": "Tips position ",
          "Suffix": " mm above well bottom"
        }
      },
      {
        "PropertyName": "MixingVolume",
        "DescriptionSetting": {
          "Prefix": ", Mixing before aspirate (",
          "Suffix": " µL"
        },
        "SerializePrevention": {
          "PropertyName": "MixingCycle",
          "Value": "0"
        }
      },
      {
        "PropertyName": "MixingCycle",
        "DescriptionSetting": {
          "Prefix": ", ",
          "Suffix": " times"
        },
        "SerializePrevention": {
          "PropertyName": "MixingCycle",
          "Value": "0"
        }
      },
      {
        "PropertyName": "MixingPosition",
        "DescriptionSetting": {
          "Prefix": ", Tip position fixed ",
          "Suffix": " mm above bottom well)"
        },
        "SerializePrevention": {
          "PropertyName": "MixingCycle",
          "Value": "0"
        }
      }
    ],
    "DispenseDescriptionSetting": [
      {
        "PropertyName": "TipPosition",
        "DescriptionSetting": {
          "Prefix": "Tips position ",
          "Suffix": " mm above well bottom"
        }
      },
      {
        "PropertyName": "DispenseAtWellSide",
        "DescriptionSetting": {
          "Prefix": "",
          "Suffix": ""
        },
        "SerializePrevention": {
          "PropertyName": "DispenseAtWellSide",
          "Value": "false"
        }
      },
      {
        "PropertyName": "PrecisionDispense",
        "DescriptionSetting": {
          "Prefix": "",
          "Suffix": ""
        },
        "SerializePrevention": {
          "PropertyName": "PrecisionDispense",
          "Value": "false"
        }
      },
      {
        "PropertyName": "MixingVolume",
        "DescriptionSetting": {
          "Prefix": ", Mixing after dispense (",
          "Suffix": " µL"
        },
        "SerializePrevention": {
          "PropertyName": "MixingCycle",
          "Value": "0"
        }
      },
      {
        "PropertyName": "MixingCycle",
        "DescriptionSetting": {
          "Prefix": ", ",
          "Suffix": " times"
        },
        "SerializePrevention": {
          "PropertyName": "MixingCycle",
          "Value": "0"
        }
      },
      {
        "PropertyName": "MixingPosition",
        "DescriptionSetting": {
          "Prefix": ", Tip position fixed ",
          "Suffix": " mm above bottom well)"
        },
        "SerializePrevention": {
          "PropertyName": "MixingCycle",
          "Value": "0"
        }
      },
      {
        "PropertyName": "TipTouchOffDelay",
        "DescriptionSetting": {
          "Prefix": ", tip touch off (",
          "Suffix": "s)"
        },
        "SerializePrevention": {
          "PropertyName": "TipTouchOff",
          "Value": "false"
        }
      }
    ],
    "BooleanDescriptionSetting": {
      "DispenseAtWellSide": {
        "TrueValue": ", dispense at well side",
        "FalseValue": ""
      },
      "PrecisionDispense": {
        "TrueValue": " with precision dispense",
        "FalseValue": ""
      }
    }
  }
}
