{
  "HardwareUIConfig": {
		"DriverConfig": {
			"Address": 11,
			"CanChannel": 0,
			"ChannelType": "ctVcan"
		},
    "ID": 1,
    "LEDCount": 85,
    "IsUsingSoftwareControl": true,
    "ColorPatternsFw": {
      "Running": 31,
      "Idle": 2016,
      "RequireUserAttention": 64448,
      "ErrorOccured": 63488
    },
    "ColorPatternsSw": {
      "Running": "Blue",
      "Idle": "Green",
      "RequireUserAttention": "Yellow",
      "ErrorOccured": "Red"
    },
    "IdleInterval": 30000,
    "AnimatorConfigs": []
  }
}