{
  "HeadConfig": {
		"DriverConfig": {
			"Address": 2,
			"CanChannel": 0,
			"ChannelType": "ctVcan"
		},
    "PlungerActuatorConfig": {
      "MotorID": 1,
      "HomingMethod": "HomeFlagSwitch",
      "HomingPosEdge": true,
      "HomingPosDir": true,
      "HomingSlowVel": 0.2,
      "HomingFastVel": 3.2,
      "HomingAccel": 10,
      "TravelLimit": {
        "Min": -30.1,
        "Max": 30.1
      },
      "WaitHomeTimeout": 15000,
      "WaitMotionAdditionalTimeout": 2000,
      "EngineeringToMotorUnit": 250,
      "AbortDependency": {
        "AbortID": 2,
        "ActiveLow": false
      }
    },
    "PlungerClampActuatorConfig": {
      "MotorID": 2,
      "HomingMethod": "HomeFlagSwitch",
      "HomingPosEdge": true,
      "HomingPosDir": true,
      "HomingSlowVel": 0.2,
      "HomingFastVel": 3.2,
      "HomingAccel": 10,
      "TravelLimit": {
        "Min": -30.1,
        "Max": 30.1
      },
      "WaitHomeTimeout": 15000,
      "WaitMotionAdditionalTimeout": 2000,
      "EngineeringToMotorUnit": 250,
      "AbortDependency": {
        "AbortID": 1,
        "ActiveLow": false
      }
    },
    "TipClampActuatorConfig": {
      "MotorID": 3,
      "HomingMethod": "HomeFlagSwitch",
      "HomingPosEdge": true,
      "HomingPosDir": false,
      "HomingSlowVel": 0.2,
      "HomingFastVel": 4,
      "HomingAccel": 10,
      "TravelLimit": {
        "Min": -1.4,
        "Max": 2
      },
      "WaitHomeTimeout": 16000,
      "WaitMotionAdditionalTimeout": 2000,
      "EngineeringToMotorUnit": 312.5
    },
    "PlungerHomingAbortConfig": {
      "AbortID": 7,
      "ActiveLow": false
    },
    "PlungerHomingInputConfig": {
      "InputID": 3,
      "ActiveLow": false,
      "EventEnabled": false,
      "Condition": "Both"
    }
  }
}