{
  "InstrumentConfig": {
    "HeadDimensionConfig": {
      "RowPitch": 9,
      "ColumnPitch": 9,
      "RowCount": 8,
      "ColCount": 12
    },
    "InstrumentDimensionConfig": {
      "TipHeadDepth": 5.2,
      "DefaultSafeHeight": 45,
      "SafeHeightOffset": 2,
      "WellSurfaceOffset": 2,
      "DeckInsertDimension": {
        "X": 85.48,
        "Y": 127.76
      },
      "LabwareRotationMatrix": [
        -1,
        0,
        0,
        0,
        1,
        0,
        0,
        0,
        -1
      ],
      "HeadComponents": [
        {
          "Note": "collets with its protector",
          "StartPoint": {
            "X": -11.1,
            "Y": 30.4,
            "Z": 41.5
          },
          "Dimension": {
            "X": 84,
            "Y": 120
          }
        },
        {
          "Note": "tip clamp motor shaft",
          "StartPoint": {
            "X": -61.4,
            "Y": 61.9,
            "Z": 44.7
          },
          "Dimension": {
            "X": 5,
            "Y": 5
          }
        },
        {
          "Note": "plunger motor encoder",
          "StartPoint": {
            "X": -83,
            "Y": 103.34,
            "Z": 48
          },
          "Dimension": {
            "X": 30,
            "Y": 39
          }
        }
      ],
      "A1Offset": {
        "X": 3.00,
        "Y": 44.33,
        "Z": 41.80
      },
      "CrossHairOffset": {
        "X": 3,
        "Y": -3,
        "Z": 0
      }
    }
  }
}
