﻿{
  "LiquidTransferConfig": {
    "minAspirateVolume": {
      "unit": "µL",
      "value": 0.1
    },
    "maxAspirateVolume": {
      "unit": "µL",
      "value": 13
    },
    "rangeAspirateSpeed": {
      "unit": "µL/s",
      "minValue": 0.1,
      "maxValue": 8,
      "default": 3
    },
    "rangeDispenseSpeed": {
      "unit": "µL/s",
      "minValue": 0.1,
      "maxValue": 8,
      "default": 3
    },
    "rangeMixingBeforeAspirateSpeed": {
      "unit": "µL/s",
      "minValue": 0.1,
      "maxValue": 8,
      "default": 3
    },
    "rangeMixingAfterDispenseSpeed": {
      "unit": "µL/s",
      "minValue": 0.1,
      "maxValue": 8,
      "default": 3
    },
    "rangePrecisionDispenseSpeed": {
      "unit": "µL/s",
      "minValue": 0.1,
      "maxValue": 8
    },
    "rangeRetractAfterAspirateSpeed": {
      "unit": "mm/s",
      "minValue": 0.1,
      "maxValue": 80,
      "default": 20
    },
    "rangeRetractAfterDispenseSpeed": {
      "unit": "mm/s",
      "minValue": 0.1,
      "maxValue": 80,
      "default": 20
    },
    "dispenseAccuracyConfig": {
      "volume": {
        "value": 1,
        "unit": "μL"
      },
      "plungerSpeed": {
        "value": 3,
        "unit": "μL/s"
      }
    },
    "defaultTipPosition" : 1
  }
}