{
  "CommonPickEjectTipConfig": {
    "TipClampFullyReleasePosition": 4,
    "TipClampAttachPosition": -1.8,
    "PlungerClampReleasePosition": -4.5,
    "PlungerClampAlmostAttachPosition": -1,
    "PlungerClampAttachPosition": -1,
    "PlungerFullyDispensePosition": -18,
    "PlungerSlightlyAboveTipPosition": -13.5,
    "TipClampVelocity": 5,
    "TipClampAcceleration": 100,
    "PlungerVelocity": 12,
    "PlungerAcceleration": 100,
    "PlungerClampAttachVelocity": 12,
    "PlungerClampAttachAcceleration": 100,
    "BacklashValue": 0
  },

  "PickTipConfig": {
    "WMoveDownVelocity": 7,
    "WMoveDownAcceleration": 30,
    "WMoveUpVelocity": 200,
		"WMoveUpAcceleration": 6000,
		"WMoveUpAttachPosition":  -10,
    "ZWaitPosition": 1,
    "DelayBeforeTipRetract": 500,
    "DelayBeforeTipClamp": 500
  },

  "EjectTipConfig": {
    "ZMoveDownDistance": 20,
    "PlungerKickPos": -21,
    "PlungerKickVelocity": 15,
    "PlungerKickAcceleration": 1000
  }
}
