{
  "ScanTipsConfig": {
    "Rows": 16,
    "Cols": 24,
    "MaxColsPerScan": 12,
    "ScanTips": true,
    "Delay": 50,
    "WaitTimeout": 12000,
    "FallenTipsDetectionMode": "None",
    "CameraOffset": {
      "X": 51.618,
      "Y": 4.592,
      "Z": 0
    },
    "AlignToScanTipsPosition": [
      {
        "X": 57.5,
        "Y": 34,
        "Z": -5
      },
      {
        "X": 21.6,
        "Y": 34,
        "Z": -5
      },
      {
        "X": 21.6,
        "Y": 88,
        "Z": -5
      },
      {
        "X": 57.6,
        "Y": 88,
        "Z": -5
      }
    ]
  }
}
